<?xml version="1.0" encoding="utf-8"?> 
<!-- 
  Synopsys, Inc.
  Version O-2018.09G-SP1
  Project file C:\Users\Grant\Documents\Gowin\DK-START-GW1NS2-LED-test-demo\fpga\impl\synplify\rev_1\syntmp\run_option.xml
  Written on Tue Mar 12 09:43:56 2019


--> 
<project_attribute_list name="Project Settings"> 
     <option name="project_name" display_name="Project Name">DK-START-GW1NS2-ledtest</option>
     <option name="device_name" display_name="Device Name">rev_1: GOWIN-GW1NS : GW1NS_2C</option>
     <option name="impl_name" display_name="Implementation Name">rev_1</option>
     <option name="top_module" display_name="Top Module">ledtest_top</option>
     <option name="pipe" display_name="Pipelining">1</option>
     <option name="retiming" display_name="Retiming">0</option>
     <option name="resource_sharing" display_name="Resource Sharing">1</option>
     <option name="maxfan" display_name="Fanout Guide">10000</option>
     <option name="disable_io_insertion" display_name="Disable I/O Insertion">0</option>
     <option name="no_sequential_opt" display_name="Disable Sequential Optimizations">0</option>
     <option name="fix_gated_and_generated_clocks" display_name="Clock Conversion">1</option>
     <option name="symbolic_fsm_compiler" display_name="FSM Compiler">1</option>
</project_attribute_list>

